<?xml version="1.0" encoding="US-ASCII" standalone="yes"?>
<objectListWrapper>
    <objects>
        <objectContainer>
            <project>
                <name>Mi_Compilation 14-12-2020</name>
                <description></description>
                <author>admin</author>
                <runs>
                    <run>
                        <blockSize>1</blockSize>
                        <campaign>
                            <active>true</active>
                            <businessRules/>
                            <campaignMaps>
                                <campaignMap>
                                    <activateTracking>false</activateTracking>
                                    <blockSize>1</blockSize>
                                    <businessRule>
                                        <content>#RuleContext.APPROVE_ALL_RULE</content>
                                        <name>Approve All</name>
                                        <ruleType>WORKFLOW_RULE</ruleType>
                                        <ruleTypeUI>Composite</ruleTypeUI>
                                        <uuid>ce9c620d-c8cd-4b8d-91e5-8a921b2d930d</uuid>
                                        <workflowRuleMode>SIMPLE</workflowRuleMode>
                                    </businessRule>
                                    <campaign>
                                        <active>false</active>
                                        <businessRules/>
                                        <campaignMaps/>
                                        <campaigns/>
                                        <createNewTrainingSet>false</createNewTrainingSet>
                                        <executingType>MACHINE</executingType>
                                        <goldBucketBlockSize>0</goldBucketBlockSize>
                                        <goldRatio>0</goldRatio>
                                        <goldSource>Empty</goldSource>
                                        <goldType>Percentage</goldType>
                                        <includeOriginalData>false</includeOriginalData>
                                        <machineConfig>
                                            <answers/>
                                            <content>&lt;?xml version="1.0" encoding="UTF-8"?&gt;
&lt;config
	xmlns="http://web-harvest.sourceforge.net/schema/1.0/config"
	scriptlang="groovy"&gt;

&lt;var-def name="bot_task_properties"&gt;
	&lt;datastore name="mi_bot_configs"&gt;
		&lt;template&gt;select * from @this&lt;/template&gt;
	&lt;/datastore&gt;
&lt;/var-def&gt;

&lt;script&gt;&lt;![CDATA[
	def BOT_CONFIG = [:]
	bot_task_properties.getWrappedObject().toList().each { property -&gt;
		BOT_CONFIG.put(property.get("key").toString(), property.get("value").toString())
	}
	sys.defineVariable("BOT_CONFIG", BOT_CONFIG)
]]&gt;&lt;/script&gt;			
	
	&lt;robotics-flow&gt;
		&lt;robot driver="universal" close-on-completion="true"&gt;
	
	&lt;script&gt;&lt;![CDATA[ 
		import com.workfusion.studio.rpa.recorder.api.*
		import com.workfusion.studio.rpa.recorder.api.types.*
		import com.workfusion.studio.rpa.recorder.api.custom.*
		import com.workfusion.studio.rpa.recorder.api.internal.representation.*
		import com.workfusion.bot.exception.*
		
		inDesktop(){
			String macro = (BOT_CONFIG.getWrappedObject().get("macro_path").toString());
			String excel = (BOT_CONFIG.getWrappedObject().get("excel_exe").toString());
			log.info('Macro path: '+macro);
			setClipboardText(macro);
			sendKeys('#r')
			pressCtrlV();
			sleep(2000);
			pressEnter();
			cleanClipboard();
			log.info('Clipboard_cleaned');
			//Runtime.getRuntime().exec(excel +macro);
			sleep(5000);
			
			sendKeys('^q')
			log.info("Macro execution started.")
			boolean completed = false;
			
			while(completed == false){
				try{
					switchToExistingWindow(new WindowDescriptor("", "(?i).*\\QMI_macro_1\\E.*", false, true).toString(), 10000)
					switchToExistingWindow(new WindowDescriptor("", "(?i).*\\QCompleted\\E.*", false, true).toString(), 10000)
					pressEnter();
					sleep(5000)
					completed = true;
				}catch(Exception e){
					completed = false;
				}
			}
			sleep(2000);
			switchToExistingWindow(new WindowDescriptor("", "(?i).*\\QMI_macro_1\\E.*", false, true).toString(), 10000)
			sendKeys("^s");
			sendKeys(Keys.chord(Keys.LEFT_ALT, "{F4}"));
			log.info("Completed")
		}
	]]&gt;&lt;/script&gt;
	&lt;/robot&gt; 
		&lt;/robotics-flow&gt; 
	&lt;export include-original-data="true"&gt;
	
	&lt;/export&gt;

&lt;/config&gt;</content>
                                            <description></description>
                                            <includedConfigs/>
                                            <inclusionCode>2ee9161f-2aed-4621-8a6a-eac5dfd00e58</inclusionCode>
                                            <jsonParams>{"configXMLModified":"true"}</jsonParams>
                                            <machineWorkSetting>
                                                <category>
                                                    <automation>false</automation>
                                                    <description></description>
                                                    <enabled>true</enabled>
                                                    <executingType>MACHINE</executingType>
                                                    <name>Other</name>
                                                    <private>false</private>
                                                    <publicId>dd92f240-144b-4fef-8476-4ec0acbc1105</publicId>
                                                </category>
                                                <contentType>BLANK</contentType>
                                                <description></description>
                                                <enabled>true</enabled>
                                                <name>Miscellaneous Tasks</name>
                                                <publicId>26e6e095-00bb-43fa-8c34-af0b18e71ac9</publicId>
                                                <version>
                                                    <componentUuid>26e6e095-00bb-43fa-8c34-af0b18e71ac9</componentUuid>
                                                    <incrementalVersion>1.0</incrementalVersion>
                                                    <lastInChain>true</lastInChain>
                                                    <lastModified>2019-07-04T11:25:39Z</lastModified>
                                                    <versionUuid>26e6e095-00bb-43fa-8c34-af0b18e71ac9</versionUuid>
                                                </version>
                                                <answers/>
                                                <machineWorkSettingType>BASIC</machineWorkSettingType>
                                                <template>
                                                    <content>&lt;?xml version="1.0" encoding="UTF-8"?&gt;
&lt;config charset="UTF-8"&gt;
	&lt;export include-original-data="true"&gt;
	&lt;/export&gt;
&lt;/config&gt;</content>
                                                    <name>Blank</name>
                                                    <origination>CREATED_MANUALLY</origination>
                                                    <status>ACTIVE</status>
                                                    <type>BASE_MACHINE</type>
                                                    <uuid>8f04bd99-7f51-4796-a528-d1a7c9ccfbc4</uuid>
                                                    <version>
                                                        <componentUuid>8f04bd99-7f51-4796-a528-d1a7c9ccfbc4</componentUuid>
                                                        <incrementalVersion>1.0</incrementalVersion>
                                                        <lastInChain>true</lastInChain>
                                                        <lastModified>2012-12-27T00:00:00Z</lastModified>
                                                        <versionUuid>8f04bd99-7f51-4796-a528-d1a7c9ccfbc4</versionUuid>
                                                    </version>
                                                </template>
                                            </machineWorkSetting>
                                            <machineWorkSettingType>BASIC</machineWorkSettingType>
                                            <name>MI_bot</name>
                                            <machineConfigOptions/>
                                            <sourceType>MANUAL</sourceType>
                                            <template>
                                                <content>&lt;?xml version="1.0" encoding="UTF-8"?&gt;
&lt;config charset="UTF-8"&gt;
	&lt;export include-original-data="true"&gt;
	&lt;/export&gt;
&lt;/config&gt;</content>
                                                <name>Blank</name>
                                                <origination>CREATED_MANUALLY</origination>
                                                <status>ACTIVE</status>
                                                <type>BASE_MACHINE</type>
                                                <uuid>8f04bd99-7f51-4796-a528-d1a7c9ccfbc4</uuid>
                                                <version>
                                                    <componentUuid>8f04bd99-7f51-4796-a528-d1a7c9ccfbc4</componentUuid>
                                                    <incrementalVersion>1.0</incrementalVersion>
                                                    <lastInChain>true</lastInChain>
                                                    <lastModified>2012-12-27T00:00:00Z</lastModified>
                                                    <versionUuid>8f04bd99-7f51-4796-a528-d1a7c9ccfbc4</versionUuid>
                                                </version>
                                            </template>
                                            <uuid>2ee9161f-2aed-4621-8a6a-eac5dfd00e58</uuid>
                                            <version>
                                                <componentUuid>184cb368-5da5-438d-9a14-447e0adb466d</componentUuid>
                                                <incrementalVersion>1.10</incrementalVersion>
                                                <lastInChain>true</lastInChain>
                                                <lastModified>2020-11-16T06:43:47Z</lastModified>
                                                <versionUuid>7f000e2d-e2a8-4d81-849a-914807767d73</versionUuid>
                                            </version>
                                        </machineConfig>
                                        <moderation>false</moderation>
                                        <origination>CREATED_AUTOMATICALLY</origination>
                                        <requiresData>true</requiresData>
                                        <status>ACTIVE</status>
                                        <streamComplexRunThreshold>1</streamComplexRunThreshold>
                                        <streamTimeInterval>Immediately</streamTimeInterval>
                                        <streamTimeIntervalValue>0</streamTimeIntervalValue>
                                        <streamValueType>Tasks</streamValueType>
                                        <title>MI_bot</title>
                                        <type>SINGLE</type>
                                        <uuid>21eb2399-8bc5-4fea-cebe-c7d3037baf4d</uuid>
                                        <validWorkflow>false</validWorkflow>
                                        <version>
                                            <componentUuid>2b96e523-b705-494d-964b-5ae5921dd27b</componentUuid>
                                            <incrementalVersion>1.1</incrementalVersion>
                                            <lastInChain>true</lastInChain>
                                            <lastModified>2020-12-10T07:06:10Z</lastModified>
                                            <versionUuid>bad4dfa9-ab1d-4bde-917d-605f7a9dfb03</versionUuid>
                                        </version>
                                        <workSettingBase>false</workSettingBase>
                                    </campaign>
                                    <deleted>false</deleted>
                                    <skipForSTPCalculation>false</skipForSTPCalculation>
                                    <stepIndex>1</stepIndex>
                                    <stepPosition>START</stepPosition>
                                    <streamed>false</streamed>
                                    <uuid>4f8a9f73-484b-4490-e34a-8c17ea75b59d</uuid>
                                </campaignMap>
                                <campaignMap>
                                    <activateTracking>false</activateTracking>
                                    <businessRule>
                                        <content>package com.freedomoss.requester;

#list any import classes here.
import com.freedomoss.objective.model.CompositeRuleContext;
import com.freedomoss.objective.model.CompositeRuleDataItemContext;
import com.freedomoss.requester.model.AwsHitQuestionItem;
import com.freedomoss.requester.model.AwsHitQuestionAnswerItem;
import org.slf4j.Logger;
import java.util.Map;
import java.util.Iterator;
import java.util.List;
import java.util.Set;
import java.util.ArrayList;
import com.freedomoss.requester.dto.SubmissionResultDTO;

#declare any global variables here
global CompositeRuleContext source
global Logger log
global Map params



rule "Rule context initialization"
auto-focus true
no-loop
dialect "mvel"
agenda-group "initialization-group"
	when
		$ctx:CompositeRuleContext(initialized == false);
	then
		$ctx.updateWorkingMemory();
		# move to business rules
		$ctx.logExecutedRule(kcontext.getRule().getName());
		kcontext.getKnowledgeRuntime().getAgenda().getAgendaGroup("calculation").setFocus();
end</content>
                                        <name>Business Process: End Rule</name>
                                        <ruleType>WORKFLOW_RULE</ruleType>
                                        <uuid>20b6191c-1d50-489c-b053-1b3895fbeb5g</uuid>
                                        <workflowRuleMode>ADVANCED</workflowRuleMode>
                                    </businessRule>
                                    <campaign>
                                        <active>false</active>
                                        <businessRules/>
                                        <campaignMaps/>
                                        <campaigns/>
                                        <createNewTrainingSet>false</createNewTrainingSet>
                                        <executingType>MACHINE</executingType>
                                        <goldBucketBlockSize>0</goldBucketBlockSize>
                                        <goldRatio>0</goldRatio>
                                        <goldSource>Empty</goldSource>
                                        <goldType>Percentage</goldType>
                                        <includeOriginalData>false</includeOriginalData>
                                        <machineConfig>
                                            <answers/>
                                            <content>&lt;?xml version="1.0" encoding="UTF-8"?&gt;
&lt;config charset="UTF-8"&gt;

    &lt;var-def name="exportType"&gt;
        &lt;case&gt;
            &lt;if condition='${sys.isVariableDefined("_sys_export_type")}'&gt;
                &lt;template&gt;${_sys_export_type}&lt;/template&gt;
            &lt;/if&gt;
        &lt;/case&gt;
    &lt;/var-def&gt;

    &lt;var-def name="exportColumns"&gt;
        &lt;case&gt;
            &lt;if condition='${sys.isVariableDefined("_sys_export_columns")}'&gt;
                &lt;template&gt;${_sys_export_columns}&lt;/template&gt;
            &lt;/if&gt;
            &lt;else&gt;&lt;/else&gt;
        &lt;/case&gt;
    &lt;/var-def&gt;

    &lt;var-def name="columnNameCase"&gt;
        &lt;case&gt;
            &lt;if condition='${sys.isVariableDefined("_sys_column_name_case")}'&gt;
                &lt;template&gt;${_sys_column_name_case}&lt;/template&gt;
            &lt;/if&gt;
            &lt;else&gt;keep&lt;/else&gt;
        &lt;/case&gt;
    &lt;/var-def&gt;

    &lt;var-def name="dataOnly"&gt;
        &lt;case&gt;
            &lt;if condition='${sys.isVariableDefined("_sys_data_only")}'&gt;
                &lt;template&gt;${_sys_data_only}&lt;/template&gt;
            &lt;/if&gt;
            &lt;else&gt;true&lt;/else&gt;
        &lt;/case&gt;
    &lt;/var-def&gt;

    &lt;var-def name="datastoreName"&gt;
        &lt;script return="item.getWrappedObject().getRun().getDatastoreName()" /&gt;
    &lt;/var-def&gt;
    &lt;case&gt;
        &lt;if condition="${!datastoreName.isEmpty()}"&gt;
            &lt;insert-datastore   datastore-name="${datastoreName}" create="true"&gt;
                &lt;script return="hit_submission_data_item.getWrappedObject().getItemValueMap()"/&gt;
            &lt;/insert-datastore&gt;
        &lt;/if&gt;
    &lt;/case&gt;

    &lt;export include-original-data="true"
            export-type="${exportType}"
            export-columns="${exportColumns}"
            column-name-case="${columnNameCase}"
            data-only="${dataOnly}"&gt;
    &lt;/export&gt;
&lt;/config&gt;</content>
                                            <description>Default machine campaign for end step.</description>
                                            <includedConfigs/>
                                            <inclusionCode>9e5000e3-c243-42d3-b5ad-c6ac90dec35e</inclusionCode>
                                            <machineWorkSetting>
                                                <category>
                                                    <automation>false</automation>
                                                    <description></description>
                                                    <enabled>true</enabled>
                                                    <executingType>MACHINE</executingType>
                                                    <name>Other</name>
                                                    <private>false</private>
                                                    <publicId>dd92f240-144b-4fef-8476-4ec0acbc1105</publicId>
                                                </category>
                                                <contentType>BLANK</contentType>
                                                <description></description>
                                                <enabled>true</enabled>
                                                <name>Miscellaneous Tasks</name>
                                                <publicId>26e6e095-00bb-43fa-8c34-af0b18e71ac9</publicId>
                                                <version>
                                                    <componentUuid>26e6e095-00bb-43fa-8c34-af0b18e71ac9</componentUuid>
                                                    <incrementalVersion>1.0</incrementalVersion>
                                                    <lastInChain>true</lastInChain>
                                                    <lastModified>2019-07-04T11:25:39Z</lastModified>
                                                    <versionUuid>26e6e095-00bb-43fa-8c34-af0b18e71ac9</versionUuid>
                                                </version>
                                                <answers/>
                                                <machineWorkSettingType>BASIC</machineWorkSettingType>
                                                <template>
                                                    <content>&lt;?xml version="1.0" encoding="UTF-8"?&gt;
&lt;config charset="UTF-8"&gt;
	&lt;export include-original-data="true"&gt;
	&lt;/export&gt;
&lt;/config&gt;</content>
                                                    <name>Blank</name>
                                                    <origination>CREATED_MANUALLY</origination>
                                                    <status>ACTIVE</status>
                                                    <type>BASE_MACHINE</type>
                                                    <uuid>8f04bd99-7f51-4796-a528-d1a7c9ccfbc4</uuid>
                                                    <version>
                                                        <componentUuid>8f04bd99-7f51-4796-a528-d1a7c9ccfbc4</componentUuid>
                                                        <incrementalVersion>1.0</incrementalVersion>
                                                        <lastInChain>true</lastInChain>
                                                        <lastModified>2012-12-27T00:00:00Z</lastModified>
                                                        <versionUuid>8f04bd99-7f51-4796-a528-d1a7c9ccfbc4</versionUuid>
                                                    </version>
                                                </template>
                                            </machineWorkSetting>
                                            <name>Final Results</name>
                                            <machineConfigOptions/>
                                            <sourceType>MANUAL</sourceType>
                                            <template>
                                                <content>&lt;?xml version="1.0" encoding="UTF-8"?&gt;
&lt;config charset="UTF-8"&gt;
	&lt;export include-original-data="true"&gt;
	&lt;/export&gt;
&lt;/config&gt;</content>
                                                <name>Blank</name>
                                                <origination>CREATED_MANUALLY</origination>
                                                <status>ACTIVE</status>
                                                <type>BASE_MACHINE</type>
                                                <uuid>8f04bd99-7f51-4796-a528-d1a7c9ccfbc4</uuid>
                                                <version>
                                                    <componentUuid>8f04bd99-7f51-4796-a528-d1a7c9ccfbc4</componentUuid>
                                                    <incrementalVersion>1.0</incrementalVersion>
                                                    <lastInChain>true</lastInChain>
                                                    <lastModified>2012-12-27T00:00:00Z</lastModified>
                                                    <versionUuid>8f04bd99-7f51-4796-a528-d1a7c9ccfbc4</versionUuid>
                                                </version>
                                            </template>
                                            <uuid>9e5000e3-c243-42d3-b5ad-c6ac90dec35e</uuid>
                                            <version>
                                                <componentUuid>9e5000e3-c243-42d3-b5ad-c6ac90dec35e</componentUuid>
                                                <incrementalVersion>1.0</incrementalVersion>
                                                <lastInChain>true</lastInChain>
                                                <lastModified>2019-07-04T11:25:48Z</lastModified>
                                                <versionUuid>8033d00d-9e4e-11e9-89e6-0ae8ba3240ae</versionUuid>
                                            </version>
                                        </machineConfig>
                                        <moderation>false</moderation>
                                        <origination>CREATED_AUTOMATICALLY</origination>
                                        <requiresData>true</requiresData>
                                        <status>ACTIVE</status>
                                        <streamComplexRunThreshold>100</streamComplexRunThreshold>
                                        <streamTimeInterval>Immediately</streamTimeInterval>
                                        <streamTimeIntervalValue>0</streamTimeIntervalValue>
                                        <streamValueType>Percents</streamValueType>
                                        <title>Final Results</title>
                                        <type>SINGLE</type>
                                        <uuid>af4c8905-26dd-4120-b208-39ad3530ffc6</uuid>
                                        <validWorkflow>false</validWorkflow>
                                        <version>
                                            <componentUuid>7fa9bc81-9e4e-11e9-89e6-0ae8ba3240ae</componentUuid>
                                            <incrementalVersion>1.0</incrementalVersion>
                                            <lastInChain>true</lastInChain>
                                            <lastModified>2019-07-04T11:25:48Z</lastModified>
                                            <versionUuid>8033eb18-9e4e-11e9-89e6-0ae8ba3240ae</versionUuid>
                                        </version>
                                        <workSettingBase>false</workSettingBase>
                                    </campaign>
                                    <deleted>false</deleted>
                                    <skipForSTPCalculation>false</skipForSTPCalculation>
                                    <stepIndex>2</stepIndex>
                                    <stepPosition>END</stepPosition>
                                    <streamed>false</streamed>
                                    <uuid>36bd2a69-9c5a-463e-e083-baa0dcb9e207</uuid>
                                </campaignMap>
                            </campaignMaps>
                            <campaigns/>
                            <compositeCampaignVersion>NEW_WORKFLOW</compositeCampaignVersion>
                            <compositeStructureXml>&lt;mxGraphModel&gt;&lt;root&gt;&lt;mxCell id="0"/&gt;&lt;mxCell id="1" parent="0"/&gt;&lt;Start id="2" name="Start" type="start"&gt;&lt;mxCell parent="1" style="start" vertex="1"&gt;&lt;mxGeometry as="geometry" height="50.0" width="30.0" x="211.0" y="100.0"/&gt;&lt;/mxCell&gt;&lt;/Start&gt;&lt;End campaignMapUUID="36bd2a69-9c5a-463e-e083-baa0dcb9e207" id="3" name="End" type="end"&gt;&lt;mxCell parent="1" style="end" vertex="1"&gt;&lt;mxGeometry as="geometry" height="32.0" width="32.0" x="210.0" y="340.0"/&gt;&lt;/mxCell&gt;&lt;/End&gt;&lt;MachineTask campaignMapUUID="4f8a9f73-484b-4490-e34a-8c17ea75b59d" id="4" label="MI_bot" name="MI_bot" originalLabel="MI_bot" taskUUID="21eb2399-8bc5-4fea-cebe-c7d3037baf4d" type="machine_task"&gt;&lt;mxCell parent="1" style="machine_task" vertex="1"&gt;&lt;mxGeometry as="geometry" height="60.0" width="160.0" x="146.0" y="220.0"/&gt;&lt;/mxCell&gt;&lt;/MachineTask&gt;&lt;Link id="5" name="" type="link"&gt;&lt;mxCell edge="1" parent="1" source="2" style="link" target="4"&gt;&lt;mxGeometry as="geometry" relative="1" x="0.5" y="10.0"&gt;&lt;Array as="points"/&gt;&lt;/mxGeometry&gt;&lt;/mxCell&gt;&lt;/Link&gt;&lt;Link id="6" name="" outcome="ApproveAll" outcomeId="ApproveAll" ruleUUID="ce9c620d-c8cd-4b8d-91e5-8a921b2d930d" type="link"&gt;&lt;mxCell edge="1" parent="1" source="4" style="link" target="3"&gt;&lt;mxGeometry as="geometry" relative="1" x="0.5" y="10.0"/&gt;&lt;/mxCell&gt;&lt;/Link&gt;&lt;/root&gt;&lt;/mxGraphModel&gt;</compositeStructureXml>
                            <compositeWorkSetting>
                                <category>
                                    <automation>false</automation>
                                    <description></description>
                                    <enabled>true</enabled>
                                    <executingType>HUMAN</executingType>
                                    <name>Other</name>
                                    <private>false</private>
                                    <publicId>dd92f240-144b-4fef-8476-4ec0acbc1104</publicId>
                                </category>
                                <contentType>BLANK</contentType>
                                <description></description>
                                <enabled>true</enabled>
                                <name>Miscellaneous Tasks</name>
                                <publicId>26e6e095-00bb-43fa-8c34-af0b18e71a66</publicId>
                                <version>
                                    <componentUuid>26e6e095-00bb-43fa-8c34-af0b18e71a66</componentUuid>
                                    <incrementalVersion>1.0</incrementalVersion>
                                    <lastInChain>true</lastInChain>
                                    <lastModified>2019-07-04T11:25:40Z</lastModified>
                                    <versionUuid>26e6e095-00bb-43fa-8c34-af0b18e71a66</versionUuid>
                                </version>
                                <automationQualityThreshold>80</automationQualityThreshold>
                            </compositeWorkSetting>
                            <createNewTrainingSet>false</createNewTrainingSet>
                            <description>Business Process description</description>
                            <executingType>COMPOSITE</executingType>
                            <goldBucketBlockSize>0</goldBucketBlockSize>
                            <goldRatio>0</goldRatio>
                            <goldSource>Empty</goldSource>
                            <goldType>Percentage</goldType>
                            <includeOriginalData>false</includeOriginalData>
                            <moderation>false</moderation>
                            <origination>CREATED_AUTOMATICALLY</origination>
                            <requiresData>false</requiresData>
                            <status>ACTIVE</status>
                            <streamComplexRunThreshold>1</streamComplexRunThreshold>
                            <streamTimeInterval>Immediately</streamTimeInterval>
                            <streamTimeIntervalValue>0</streamTimeIntervalValue>
                            <streamValueType>Tasks</streamValueType>
                            <title>Mi_Compilation</title>
                            <type>COMPOSITE</type>
                            <uuid>0a2587bc-4dab-466d-bb4d-acceb88336f9</uuid>
                            <validWorkflow>true</validWorkflow>
                            <version>
                                <componentUuid>faf1b186-f60b-4235-bb90-7d4f94ee1430</componentUuid>
                                <incrementalVersion>1.305</incrementalVersion>
                                <lastInChain>true</lastInChain>
                                <lastModified>2020-12-14T07:51:27Z</lastModified>
                                <versionUuid>0331f126-d523-44ec-bab0-0e3d3fa1aaa9</versionUuid>
                            </version>
                            <workSettingBase>false</workSettingBase>
                        </campaign>
                        <description>
                            <automationType>NONE</automationType>
                            <dynamicTaskRenderingDisabled>false</dynamicTaskRenderingDisabled>
                            <goldRun>false</goldRun>
                            <qualificationTraining>false</qualificationTraining>
                            <streamingValue>1</streamingValue>
                            <streamingValueType>Tasks</streamingValueType>
                            <taskParams>{"values":{"DESCRIPTION":"","NAME":"MI_bot"}}</taskParams>
                            <uploadResultsType>CREATE</uploadResultsType>
                        </description>
                        <executingType>COMPOSITE</executingType>
                        <forceComplete>false</forceComplete>
                        <forceCompleteIdleTime>0</forceCompleteIdleTime>
                        <forceCompletePercent>100</forceCompletePercent>
                        <mixStrategy>
                            <additionalRows>0</additionalRows>
                            <blockSize>1</blockSize>
                            <goldItemSize>0</goldItemSize>
                            <goldPercentage>0</goldPercentage>
                            <goldRatio>true</goldRatio>
                            <mainRows>1</mainRows>
                            <repeated>false</repeated>
                        </mixStrategy>
                        <purged>false</purged>
                        <recordProcessingStatus>NOT_STARTED</recordProcessingStatus>
                        <runType>SIMPLE</runType>
                        <tags></tags>
                        <title>Mi_Compilation</title>
                        <uuid>2346de07-30f7-413d-a03a-23780ee9526b</uuid>
                    </run>
                </runs>
                <automationUseCases/>
                <dataStores>
                    <dataStore>
                        <id>5</id>
                        <name>mi_bot_configs</name>
                        <description></description>
                        <type>COMMON</type>
                        <size>0</size>
                        <dataStoreColumns>
                            <dataStoreColumn>
                                <name>key</name>
                                <type>TEXT</type>
                                <size>0</size>
                            </dataStoreColumn>
                            <dataStoreColumn>
                                <name>value</name>
                                <type>TEXT</type>
                                <size>0</size>
                            </dataStoreColumn>
                        </dataStoreColumns>
                        <creationDate>2020-11-16T06:43:17Z</creationDate>
                        <fieldSchema>
                            <answers>
                                <answer>
                                    <allowNA>false</allowNA>
                                    <answer>key</answer>
                                    <answerCode>key</answerCode>
                                    <answerTypeObject>
                                        <answerTypeGroup>UNCONSTRAINED_TEXT</answerTypeGroup>
                                        <code>FREE_TEXT</code>
                                        <description></description>
                                        <optionsAvailable>false</optionsAvailable>
                                        <showDefaultValue>true</showDefaultValue>
                                        <showForFieldScheme>true</showForFieldScheme>
                                        <showForHumanTask>true</showForHumanTask>
                                        <showForMachineConfig>true</showForMachineConfig>
                                        <title>Free Text</title>
                                        <valueType>SINGLEVALUE</valueType>
                                    </answerTypeObject>
                                    <appendDataStoreOptions>false</appendDataStoreOptions>
                                    <autocompleteField>false</autocompleteField>
                                    <constantable>false</constantable>
                                    <doNotNormalizeTaggedText>false</doNotNormalizeTaggedText>
                                    <doNotUseInAdjudication>false</doNotUseInAdjudication>
                                    <findMajorityForAllAtomicValues>false</findMajorityForAllAtomicValues>
                                    <lastModified>2020-11-16T06:43:17Z</lastModified>
                                    <letCustomValues>false</letCustomValues>
                                    <manualField>false</manualField>
                                    <multiValue>false</multiValue>
                                    <percentRequired>false</percentRequired>
                                    <range>false</range>
                                    <required>false</required>
                                    <sequenceNumber>1</sequenceNumber>
                                    <shuffle>false</shuffle>
                                    <useBlocks>false</useBlocks>
                                    <useEmptyCell>false</useEmptyCell>
                                </answer>
                                <answer>
                                    <allowNA>false</allowNA>
                                    <answer>value</answer>
                                    <answerCode>value</answerCode>
                                    <answerTypeObject>
                                        <answerTypeGroup>UNCONSTRAINED_TEXT</answerTypeGroup>
                                        <code>FREE_TEXT</code>
                                        <description></description>
                                        <optionsAvailable>false</optionsAvailable>
                                        <showDefaultValue>true</showDefaultValue>
                                        <showForFieldScheme>true</showForFieldScheme>
                                        <showForHumanTask>true</showForHumanTask>
                                        <showForMachineConfig>true</showForMachineConfig>
                                        <title>Free Text</title>
                                        <valueType>SINGLEVALUE</valueType>
                                    </answerTypeObject>
                                    <appendDataStoreOptions>false</appendDataStoreOptions>
                                    <autocompleteField>false</autocompleteField>
                                    <constantable>false</constantable>
                                    <doNotNormalizeTaggedText>false</doNotNormalizeTaggedText>
                                    <doNotUseInAdjudication>false</doNotUseInAdjudication>
                                    <findMajorityForAllAtomicValues>false</findMajorityForAllAtomicValues>
                                    <lastModified>2020-11-16T06:43:17Z</lastModified>
                                    <letCustomValues>false</letCustomValues>
                                    <manualField>false</manualField>
                                    <multiValue>false</multiValue>
                                    <percentRequired>false</percentRequired>
                                    <range>false</range>
                                    <required>false</required>
                                    <sequenceNumber>2</sequenceNumber>
                                    <shuffle>false</shuffle>
                                    <useBlocks>false</useBlocks>
                                    <useEmptyCell>false</useEmptyCell>
                                </answer>
                            </answers>
                            <description>mi_bot_configs</description>
                            <id>5</id>
                            <name>mi_bot_configs</name>
                            <origination>CREATED_AUTOMATICALLY</origination>
                            <status>ACTIVE</status>
                            <uuid>70901d6c-f31e-480d-b648-0f9d4bc638b1</uuid>
                        </fieldSchema>
                        <uuid>4c296cff-4843-47bb-aa36-d204c57ec53a</uuid>
                    </dataStore>
                    <type>SCHEMA_WITH_DATA</type>
                </dataStores>
                <automationInfo/>
            </project>
            <hashCode>702835965</hashCode>
        </objectContainer>
    </objects>
</objectListWrapper>
